@comment $OpenBSD: PLIST,v$
@bin bin/grepmidi
@bin bin/muse4
@bin bin/muse_plugin_scan
lib/muse/
lib/muse/converters/
@so lib/muse/converters/rubberband_converter.so
@so lib/muse/converters/src_converter.so
@so lib/muse/converters/zita_resampler_converter.so
lib/muse/modules/
@so lib/muse/modules/libaudio_converter_plugin.so
@so lib/muse/modules/libmuse_al.so
@so lib/muse/modules/libmuse_arranger.so
@so lib/muse/modules/libmuse_audio_convert.so
@so lib/muse/modules/libmuse_awl.so
@so lib/muse/modules/libmuse_cliplist.so
@so lib/muse/modules/libmuse_components.so
@so lib/muse/modules/libmuse_core.so
@so lib/muse/modules/libmuse_ctrl.so
@so lib/muse/modules/libmuse_driver.so
@so lib/muse/modules/libmuse_evdata_module.so
@so lib/muse/modules/libmuse_icons.so
@so lib/muse/modules/libmuse_instruments.so
@so lib/muse/modules/libmuse_latency_compensator_module.so
@so lib/muse/modules/libmuse_liste.so
@so lib/muse/modules/libmuse_lv2_gtk2_support.so
@so lib/muse/modules/libmuse_lv2host_module.so
@so lib/muse/modules/libmuse_marker.so
@so lib/muse/modules/libmuse_master.so
@so lib/muse/modules/libmuse_memory_module.so
@so lib/muse/modules/libmuse_midi_controller_module.so
@so lib/muse/modules/libmuse_midiedit.so
@so lib/muse/modules/libmuse_midnam_module.so
@so lib/muse/modules/libmuse_mixer.so
@so lib/muse/modules/libmuse_mpevent_module.so
@so lib/muse/modules/libmuse_mplugins.so
@so lib/muse/modules/libmuse_plugin_cache_reader_module.so
@so lib/muse/modules/libmuse_plugin_cache_writer_module.so
@so lib/muse/modules/libmuse_plugin_list_module.so
@so lib/muse/modules/libmuse_plugin_rdf_module.so
@so lib/muse/modules/libmuse_plugin_scan_module.so
@so lib/muse/modules/libmuse_remote.so
@so lib/muse/modules/libmuse_simpler_plugin.so
@so lib/muse/modules/libmuse_simpler_plugingui.so
@so lib/muse/modules/libmuse_string.so
@so lib/muse/modules/libmuse_synti.so
@so lib/muse/modules/libmuse_sysex_helper_module.so
@so lib/muse/modules/libmuse_time_stretch_module.so
@so lib/muse/modules/libmuse_wave_module.so
@so lib/muse/modules/libmuse_waveedit.so
@so lib/muse/modules/libmuse_wavepreview_module.so
@so lib/muse/modules/libmuse_widgets.so
@so lib/muse/modules/libmuse_widgets_functiondialogs.so
@so lib/muse/modules/libmuse_xml_module.so
lib/muse/plugins/
@so lib/muse/plugins/doublechorus.so
@so lib/muse/plugins/freeverb.so
@so lib/muse/plugins/pandelay.so
lib/muse/synthi/
@so lib/muse/synthi/deicsonze.so
@so lib/muse/synthi/fluid_synth.so
@so lib/muse/synthi/organ.so
@so lib/muse/synthi/vam.so
@man man/man1/grepmidi.1
@man man/man1/muse4.1
share/applications/org.musesequencer.Muse4.desktop
share/doc/muse/
share/doc/muse/AUTHORS
share/doc/muse/COPYING
share/doc/muse/ChangeLog
share/doc/muse/README
share/doc/muse/README.developer
share/doc/muse/README.developer.undo_system
share/doc/muse/README.ladspaguis
share/doc/muse/README.softsynth
share/doc/muse/README.vstsdk
share/doc/muse/README.win32
share/doc/muse/SECURITY
share/doc/muse/deicsonze/
share/doc/muse/deicsonze/README
share/doc/muse/deicsonze/TODO
share/doc/muse/fluidsynth/
share/doc/muse/fluidsynth/README.txt
share/doc/muse/fluidsynth/TODO
share/doc/muse/freeverb/
share/doc/muse/freeverb/readme.txt
share/doc/muse/libdivide_LICENSE
share/doc/muse/muse_html/
share/doc/muse/muse_html/single/
share/doc/muse/muse_html/single/developer_docs/
share/doc/muse/muse_html/single/developer_docs/developer_docs.css
share/doc/muse/muse_html/single/developer_docs/developer_docs.html
share/doc/muse/muse_html/single/developer_docs/img1.png
share/doc/muse/muse_html/single/developer_docs/img2.png
share/doc/muse/muse_html/single/developer_docs/img3.png
share/doc/muse/muse_html/single/developer_docs/index.html
share/doc/muse/muse_html/single/documentation/
share/doc/muse/muse_html/single/documentation/arrow_tool.png
share/doc/muse/muse_html/single/documentation/documentation.css
share/doc/muse/muse_html/single/documentation/documentation.html
share/doc/muse/muse_html/single/documentation/img1.png
share/doc/muse/muse_html/single/documentation/index.html
share/doc/muse/muse_html/single/documentation/main_window_add_track.png
share/doc/muse/muse_html/single/documentation/main_window_annotated.png
share/doc/muse/muse_html/single/documentation/main_window_with_arrangement.png
share/doc/muse/muse_html/single/documentation/main_window_with_automation.png
share/doc/muse/muse_html/single/documentation/main_window_with_midi_automation.png
share/doc/muse/muse_html/single/documentation/main_window_with_midi_editor_vam.png
share/doc/muse/muse_html/single/documentation/midi_config_window.png
share/doc/muse/muse_html/single/documentation/midi_routing_matrix.png
share/doc/muse/muse_html/single/documentation/mixer.png
share/doc/muse/muse_html/single/documentation/mixer_with_one_input.png
share/doc/muse/muse_html/single/documentation/mixer_with_one_input_buttons.png
share/doc/muse/muse_html/single/documentation/muse2.png
share/doc/muse/muse_html/single/documentation/no_audio.png
share/doc/muse/muse_html/single/documentation/output_routing.png
share/doc/muse/muse_html/single/documentation/project_my_first_song.png
share/doc/muse/muse_html/single/documentation/soloing_window.png
share/doc/muse/muse_html/single/documentation/vam_synth.png
share/doc/muse/muse_html/split/
share/doc/muse/muse_html/split/developer_docs/
share/doc/muse/muse_html/split/developer_docs/developer_docs.css
share/doc/muse/muse_html/split/developer_docs/developer_docs.html
share/doc/muse/muse_html/split/developer_docs/img1.png
share/doc/muse/muse_html/split/developer_docs/img2.png
share/doc/muse/muse_html/split/developer_docs/img3.png
share/doc/muse/muse_html/split/developer_docs/index.html
share/doc/muse/muse_html/split/developer_docs/node1.html
share/doc/muse/muse_html/split/developer_docs/node10.html
share/doc/muse/muse_html/split/developer_docs/node11.html
share/doc/muse/muse_html/split/developer_docs/node12.html
share/doc/muse/muse_html/split/developer_docs/node13.html
share/doc/muse/muse_html/split/developer_docs/node14.html
share/doc/muse/muse_html/split/developer_docs/node15.html
share/doc/muse/muse_html/split/developer_docs/node2.html
share/doc/muse/muse_html/split/developer_docs/node3.html
share/doc/muse/muse_html/split/developer_docs/node4.html
share/doc/muse/muse_html/split/developer_docs/node5.html
share/doc/muse/muse_html/split/developer_docs/node6.html
share/doc/muse/muse_html/split/developer_docs/node7.html
share/doc/muse/muse_html/split/developer_docs/node8.html
share/doc/muse/muse_html/split/developer_docs/node9.html
share/doc/muse/muse_html/split/documentation/
share/doc/muse/muse_html/split/documentation/arrow_tool.png
share/doc/muse/muse_html/split/documentation/documentation.css
share/doc/muse/muse_html/split/documentation/documentation.html
share/doc/muse/muse_html/split/documentation/img1.png
share/doc/muse/muse_html/split/documentation/index.html
share/doc/muse/muse_html/split/documentation/main_window_add_track.png
share/doc/muse/muse_html/split/documentation/main_window_annotated.png
share/doc/muse/muse_html/split/documentation/main_window_with_arrangement.png
share/doc/muse/muse_html/split/documentation/main_window_with_automation.png
share/doc/muse/muse_html/split/documentation/main_window_with_midi_automation.png
share/doc/muse/muse_html/split/documentation/main_window_with_midi_editor_vam.png
share/doc/muse/muse_html/split/documentation/midi_config_window.png
share/doc/muse/muse_html/split/documentation/midi_routing_matrix.png
share/doc/muse/muse_html/split/documentation/mixer.png
share/doc/muse/muse_html/split/documentation/mixer_with_one_input.png
share/doc/muse/muse_html/split/documentation/mixer_with_one_input_buttons.png
share/doc/muse/muse_html/split/documentation/muse2.png
share/doc/muse/muse_html/split/documentation/no_audio.png
share/doc/muse/muse_html/split/documentation/node1.html
share/doc/muse/muse_html/split/documentation/node10.html
share/doc/muse/muse_html/split/documentation/node11.html
share/doc/muse/muse_html/split/documentation/node12.html
share/doc/muse/muse_html/split/documentation/node13.html
share/doc/muse/muse_html/split/documentation/node2.html
share/doc/muse/muse_html/split/documentation/node3.html
share/doc/muse/muse_html/split/documentation/node4.html
share/doc/muse/muse_html/split/documentation/node5.html
share/doc/muse/muse_html/split/documentation/node6.html
share/doc/muse/muse_html/split/documentation/node7.html
share/doc/muse/muse_html/split/documentation/node8.html
share/doc/muse/muse_html/split/documentation/node9.html
share/doc/muse/muse_html/split/documentation/output_routing.png
share/doc/muse/muse_html/split/documentation/project_my_first_song.png
share/doc/muse/muse_html/split/documentation/soloing_window.png
share/doc/muse/muse_html/split/documentation/vam_synth.png
share/doc/muse/muse_pdf/
share/doc/muse/muse_pdf/developer_docs.pdf
share/doc/muse/muse_pdf/documentation.pdf
share/doc/muse/vam/
share/doc/muse/vam/COPYING
share/doc/muse/vam/ChangeLog
share/doc/muse/vam/README
share/doc/muse/vam/TODO
share/icons/hicolor/128x128/apps/muse.png
share/icons/hicolor/64x64/apps/muse.png
share/metainfo/
share/metainfo/org.musesequencer.Muse4.appdata.xml
share/mime/packages/muse.xml
@tag gtk-update-icon-cache %D/share/icons/hicolor
@tag update-desktop-database
@tag update-mime-database
share/muse/
share/muse/demos/
share/muse/demos/rasen.med
share/muse/didyouknow.txt
share/muse/drummaps/
share/muse/drummaps/AKAI_SG01v_Bank_dr1.map
share/muse/drummaps/AKAI_SG01v_Bank_dr2.map
share/muse/drummaps/Drumgizmo_CrocellKit.map
share/muse/drummaps/KURZWEIL_SP2X_Drum_Map_GM_ReMap.map
share/muse/drummaps/KURZWEIL_SP2X_Drum_Map_Normal.map
share/muse/drummaps/NoteNumbers.map
share/muse/drummaps/addictive_drums.map
share/muse/drummaps/dx200_drum.map
share/muse/drummaps/sc88-pc1.map
share/muse/instruments/
share/muse/instruments/Access_Virus.idf
share/muse/instruments/Akai-SG01v.idf
share/muse/instruments/Alesis-QS-78R.idf
share/muse/instruments/AlesisQS6.idf
share/muse/instruments/Classic_cantabile_sp-250.idf
share/muse/instruments/Drumgizmo - CrocellKit.idf
share/muse/instruments/Emu-4mbgsgmmt-sf.idf
share/muse/instruments/Hammond_XB-1.idf
share/muse/instruments/KORG microSTATION combinations.idf
share/muse/instruments/KORG microSTATION.idf
share/muse/instruments/Korg Krome (Bank Map GM2).idf
share/muse/instruments/Korg Krome (Bank Map KORG).idf
share/muse/instruments/Korg Wavestation EX.idf
share/muse/instruments/Korg-MS2000R.idf
share/muse/instruments/Korg-X50.idf
share/muse/instruments/Korg-X5DR-PresetA.idf
share/muse/instruments/Korg-X5DR-PresetB.idf
share/muse/instruments/Kurzweil-SP2X.idf
share/muse/instruments/Lexicon-MX200.idf
share/muse/instruments/MC303.idf
share/muse/instruments/MC505.idf
share/muse/instruments/Roland SD-50.idf
share/muse/instruments/Roland-E28.idf
share/muse/instruments/Roland-JV90.idf
share/muse/instruments/Roland-MT32.idf
share/muse/instruments/Roland-SC88.idf
share/muse/instruments/Roland-SCD70.idf
share/muse/instruments/Roland-XP30.idf
share/muse/instruments/Roland_FantomXR.idf
share/muse/instruments/Roland_SRX-02.idf
share/muse/instruments/Roland_SRX-09.idf
share/muse/instruments/Waldorf-Q.idf
share/muse/instruments/Waldorf-microQ-Factory2000.idf
share/muse/instruments/Waldorf-microQ-Factory2001.idf
share/muse/instruments/Waldorf-microQ-Phoenix.idf
share/muse/instruments/Waldorf-microQ.idf
share/muse/instruments/Waldorf_Microwave-I.idf
share/muse/instruments/Yamaha-01v.idf
share/muse/instruments/Yamaha-9000pro.idf
share/muse/instruments/Yamaha-CS1x.idf
share/muse/instruments/Yamaha-MX49_MX61.idf
share/muse/instruments/Yamaha-Motif XS.idf
share/muse/instruments/Yamaha-Motif-Rack.idf
share/muse/instruments/Yamaha-Motif.idf
share/muse/instruments/Yamaha-P100.idf
share/muse/instruments/Yamaha-P50m.idf
share/muse/instruments/Yamaha-PSR275.idf
share/muse/instruments/Yamaha-PSR530.idf
share/muse/instruments/Yamaha-Rex50.idf
share/muse/instruments/Yamaha-S30_S80.idf
share/muse/instruments/Yamaha-S90.idf
share/muse/instruments/ZynAdd-1_4.idf
share/muse/instruments/emuproteus2000.idf
share/muse/instruments/gm.idf
share/muse/instruments/gm2.idf
share/muse/instruments/gs.idf
share/muse/instruments/ns5r.idf
share/muse/instruments/xg.idf
share/muse/instruments/yam_mo6_v4.idf
share/muse/locale/
share/muse/locale/muse_cs.qm
share/muse/locale/muse_de.qm
share/muse/locale/muse_en.qm
share/muse/locale/muse_es.qm
share/muse/locale/muse_fr.qm
share/muse/locale/muse_it.qm
share/muse/locale/muse_pl.qm
share/muse/locale/muse_ru.qm
share/muse/locale/muse_sv_SE.qm
share/muse/metronome/
share/muse/metronome/factory_presets.mdf
share/muse/metronome/klick1.wav
share/muse/metronome/klick2.wav
share/muse/metronome/klick3.wav
share/muse/metronome/klick4.wav
share/muse/metronome/klick5.wav
share/muse/metronome/klick6.wav
share/muse/plugins/
share/muse/plugins/2142.ui
share/muse/presets/
share/muse/presets/deicsonze/
share/muse/presets/deicsonze/SutulaBank.dei
share/muse/pybridge/
share/muse/pybridge/musepclient.py
share/muse/pybridge/museplauncher.py
share/muse/pybridge/musepstopserver.py
share/muse/pybridge/robert.py
share/muse/rdf/
share/muse/rdf/README
share/muse/rdf/blop.rdf
share/muse/rdf/swh-plugins.rdf
share/muse/rdf/swh-scales.rdf
share/muse/scoreglyphs/
share/muse/scoreglyphs/0.png
share/muse/scoreglyphs/1.png
share/muse/scoreglyphs/2.png
share/muse/scoreglyphs/3.png
share/muse/scoreglyphs/4.png
share/muse/scoreglyphs/5.png
share/muse/scoreglyphs/6.png
share/muse/scoreglyphs/7.png
share/muse/scoreglyphs/8.png
share/muse/scoreglyphs/9.png
share/muse/scoreglyphs/acc_b.png
share/muse/scoreglyphs/acc_none.png
share/muse/scoreglyphs/acc_sharp.png
share/muse/scoreglyphs/clef_bass_big.png
share/muse/scoreglyphs/clef_violin_big.png
share/muse/scoreglyphs/dot.png
share/muse/scoreglyphs/flags16d.png
share/muse/scoreglyphs/flags16u.png
share/muse/scoreglyphs/flags32d.png
share/muse/scoreglyphs/flags32u.png
share/muse/scoreglyphs/flags64d.png
share/muse/scoreglyphs/flags64u.png
share/muse/scoreglyphs/flags8d.png
share/muse/scoreglyphs/flags8u.png
share/muse/scoreglyphs/half.png
share/muse/scoreglyphs/quarter.png
share/muse/scoreglyphs/rest1.png
share/muse/scoreglyphs/rest16.png
share/muse/scoreglyphs/rest2.png
share/muse/scoreglyphs/rest32.png
share/muse/scoreglyphs/rest4.png
share/muse/scoreglyphs/rest8.png
share/muse/scoreglyphs/whole.png
share/muse/scripts/
share/muse/scripts/ConstantLength
share/muse/scripts/ConstantVelocityForNote
share/muse/scripts/CreateBassline
share/muse/scripts/DoNothing
share/muse/scripts/Humanize
share/muse/scripts/RandomPosition1
share/muse/scripts/RandomizeVelocityRelative
share/muse/scripts/RemoveAftertouch
share/muse/scripts/RemoveShortEvents
share/muse/scripts/Rhythm1
share/muse/scripts/SpeedDouble
share/muse/scripts/SpeedHalf
share/muse/scripts/SwingQuantize1
share/muse/scripts/TempoDelay
share/muse/splash.jpg
share/muse/templates/
share/muse/templates/audio.med
share/muse/templates/default.med
share/muse/templates/midiGM.med
share/muse/templates/monorecord.med
share/muse/templates/synti.med
share/muse/themes/
share/muse/themes/Ardour.cfc
share/muse/themes/Ardour.qss
share/muse/themes/Dark Flat.cfc
share/muse/themes/Dark Flat.qss
share/muse/themes/Dark Theme.cfc
share/muse/themes/Dark Theme.qss
share/muse/themes/Deep Ocean/
share/muse/themes/Deep Ocean.cfc
share/muse/themes/Deep Ocean.qss
share/muse/themes/Deep Ocean/fileopen.svg
share/muse/themes/Deep Ocean/monitor_off_default_col.svg
share/muse/themes/Deep Ocean/monitor_on.svg
share/muse/themes/Deep Ocean/mute_and_proxy_on.svg
share/muse/themes/Deep Ocean/mute_off.svg
share/muse/themes/Deep Ocean/mute_on.svg
share/muse/themes/Deep Ocean/mute_proxy_on.svg
share/muse/themes/Deep Ocean/pre_fader_on.svg
share/muse/themes/Deep Ocean/rec_arm_off_default_col.svg
share/muse/themes/Deep Ocean/rec_arm_on.svg
share/muse/themes/Deep Ocean/routing_input.svg
share/muse/themes/Deep Ocean/routing_output.svg
share/muse/themes/Deep Ocean/solo_and_proxy_spotlight_on.svg
share/muse/themes/Deep Ocean/solo_proxy_spotlight_on_alone.svg
share/muse/themes/Deep Ocean/solo_spotlight_off.svg
share/muse/themes/Deep Ocean/solo_spotlight_on_alone.svg
share/muse/themes/Deep Ocean/stereo_on.svg
share/muse/themes/Light Theme.cfc
share/muse/themes/Light Theme.qss
share/muse/utils/
share/muse/utils/muse-find-unused-wavs
share/muse/utils/muse-song-convert.py
share/muse/wallpapers/
share/muse/wallpapers/Muse2_Wallpaper_1.png
share/muse/wallpapers/Muse2_Wallpaper_5.png
share/muse/wallpapers/gray.gif
share/muse/wallpapers/gray_rock.gif
share/muse/wallpapers/gray_stucco.gif
share/muse/wallpapers/paper1.jpg
share/muse/wallpapers/paper2.jpg
share/muse/wallpapers/stone1.gif
